Rank,Name,Net.Worth,Age,Source,Residency
1,Carlos Slim Helu & family,73,73,telecom,Mexico
2,Bill Gates,67,57,Microsoft,United States
3,Amancio Ortega,57,77,Zara,Spain
4,Warrenuffett,53.5,82,Berkshire Hathaway,United States
5,Larry Ellison,43,68,Oracle,United States
6,Charles Koch,34,77,diversified,United States
6,David Koch,34,73,diversified,United States
8,Li Ka-shing,31,84,diversified,Hong Kong
9,Lilianeettencourt & family,30,90,L'Oreal,France
10,Bernard Arnault & family,29,64,LVMH,France
11,Christy Walton & family,28.2,58,Wal-Mart,United States
12,Stefan Persson,28,65,H&M,Sweden
13,Michaelloomberg,27,71,Bloomberg LP,United States
14,Jim Walton,26.7,65,Wal-Mart,United States
15,Sheldon Adelson,26.5,79,casinos,United States
16,Alice Walton,26.3,63,Wal-Mart,United States
17,S. Robson Walton,26.1,69,Wal-Mart,United States
18,Karl Albrecht,26,93,Aldi,Germany
19,Jeffezos,25.2,49,Amazon.com,United States
20,Larry Page,23,40,Google,United States
21,Sergeyrin,22.8,39,Google,United States
22,Mukesh Ambani,21.5,56,"petrochemicals, oil & gas",India
23,Michele Ferrero & family,20.4,88,chocolates,Italy
24,Lee Shau Kee,20.3,85,diversified,Hong Kong
24,David Thomson & family,20.3,55,media,Canada
26,Prince Alwaleedin Talal Alsaud,20,58,investments,Saudi Arabia
26,Carl Icahn,20,77,leverageduyouts,United States
26,Thomas & Raymond Kwok & family,20,NA,real estate,Hong Kong
29,Dieter Schwarz,19.5,73,retail,Germany
30,George Soros,19.2,82,hedge funds,United States
31,"Theo Albrecht, Jr. & family",18.9,62,"Aldi, Trader Joe's",Germany
32,Albertoailleres Gonzalez & family,18.2,81,mining,Mexico
33,Jorge Paulo Lemann,17.8,73,beer,Brazil
34,Alisher Usmanov,17.6,59,"steel, telecom, investments",Russia
35,Iris Fontbona & family,17.4,70,mining,Chile
36,"Forrest Mars, Jr.",17,81,candy,United States
36,Jacqueline Mars,17,73,candy,United States
36,John Mars,17,76,candy,United States
36,Georgina Rinehart,17,59,mining,Australia
40,German Larrea Mota Velasco & family,16.7,59,mining,Mexico
41,Mikhail Fridman,16.5,49,"oil,anking, telecom",Russia
41,Lakshmi Mittal,16.5,62,steel,India
43,Aliko Dangote,16.1,56,"cement, sugar, flour",Nigeria
44,Lenlavatnik,16,55,diversified,United States
44,Cheng Yu-tung,16,87,diversified,Hong Kong
46,Joseph Safra,15.9,74,banking,Brazil
47,Rinat Akhmetov,15.4,46,"steel, coal",Ukraine
47,Leonid Mikhelson,15.4,57,"gas, chemicals",Russia
49,Leonardo Del Vecchio,15.3,78,eyeglasses,Italy
49,Michael Dell,15.3,48,Dell,United States
51,Steveallmer,15.2,57,Microsoft,United States
52,Viktor Vekselberg,15.1,56,"oil, metals",Russia
53,Paul Allen,15,60,"Microsoft, investments",United States
53,Francois Pinault & family,15,76,retail,France
55,Vagit Alekperov,14.8,62,Lukoil,Russia
56,Phil Knight,14.4,75,Nike,United States
56,Andrey Melnichenko,14.4,41,"coal, fertilizers",Russia
58,Dhanin Chearavanont & family,14.3,74,food,Thailand
58,Susanne Klatten,14.3,51,"BMW, pharmaceuticals",Germany
58,Vladimir Potanin,14.3,52,metals,Russia
61,Michael Otto & family,14.2,70,"retail, real estate",Germany
62,Vladimir Lisin,14.1,57,"steel, transport",Russia
62,Gennady Timchenko,14.1,60,oil & gas,Russia
64,Luis Carlos Sarmiento,13.9,80,banking,Colombia
65,Mohammed Al Amoudi,13.5,68,"oil, diversified",Saudi Arabia
66,Tadashi Yanai & family,13.3,64,retail,Japan
66,Mark Zuckerberg,13.3,29,Facebook,United States
68,Henry Sy & family,13.2,88,diversified,Philippines
69,Donaldren,13,81,real estate,United States
69,Serge Dassault & family,13,88,aviation,France
69,Lee Kun-Hee,13,71,Samsung,South Korea
69,Mikhail Prokhorov,13,48,investments,Russia
73,Alexey Mordashov,12.8,47,"steel, investments",Russia
74,Antonio Ermirio de Moraes & family,12.7,84,diversified,Brazil
74,Abigail Johnson,12.7,51,money management,United States
76,Ray Dalio,12.5,63,hedge funds,United States
76,Robert Kuok,12.5,89,diversified,Malaysia
78,Miuccia Prada,12.4,64,Prada,Italy
79,Ronald Perelman,12.2,70,leverageduyouts,United States
80,Anne Cox Chambers,12,93,media,United States
81,Stefan Quandt,11.9,47,BMW,Germany
82,Ananda Krishnan,11.7,75,telecoms,Malaysia
82,Alejandro Santo Domingo Davila,11.7,36,beer,Colombia
82,James Simons,11.7,75,hedge funds,United States
82,Charoen Sirivadhanabhakdi,11.7,69,drinks,Thailand
86,Zong Qinghou,11.6,67,beverages,China
87,Dirce Navarro De Camargo & family,11.5,NA,construction,Brazil
87,John Fredriksen,11.5,68,shipping,Cyprus
89,Gerald Cavendish Grosvenor & family,11.4,61,real estate,United Kingdom
90,Harold Hamm,11.3,67,oil & gas,United States
91,Rupert Murdoch,11.2,82,News Corp,United States
91,John Paulson,11.2,57,hedge funds,United States
91,Azim Premji,11.2,67,software,India
94,Ernestoertarelli & family,11,47,"biotech, investments",Switzerland
94,Charlene de Carvalho-Heineken,11,58,Heineken,Netherlands
94,Hans Rausing,11,87,packaging,Sweden
94,Jack Taylor & family,11,90,Enterprise Rent-A-Car,United States
98,Lui Che Woo,10.7,83,gaming,Hong Kong
98,Laurene Powell Jobs & family,10.7,49,"Apple, Disney",United States
100,Eikeatista,10.6,56,"mining, oil",Brazil
100,Charles Ergen,10.6,60,EchoStar,United States
100,Johanna Quandt,10.6,86,BMW,Germany
103,German Khan,10.5,51,"oil,anking, telecom",Russia
103,Pallonji Mistry,10.5,83,construction,Ireland
103,David & Simon Reuben,10.5,70,"investments, real estate",United Kingdom
106,Petr Kellner,10.4,49,"banking, insurance",Czech Republic
107,Roman Abramovich,10.2,46,"steel, investments",Russia
108,Ng Robert & Philip,10.1,NA,real estate,Singapore
109,Philip Anschutz,10,73,investments,United States
109,George Kaiser,10,70,"oil & gas,anking",United States
111,Ricardo Salinas Pliego & family,9.9,57,"retail, media",Mexico
112,Richard Kinder,9.8,68,pipelines,United States
112,Tsai Eng-Meng,9.8,56,food,Taiwan
114,Horst Paulmann & family,9.7,78,retail,Chile
115,Michael Kadoorie & family,9.5,72,diversified,Hong Kong
116,Dilip Shanghvi,9.4,57,pharmaceuticals,India
117,Steve Cohen,9.3,57,hedge funds,United States
118,Antonia Johnson,9.2,69,diversified,Sweden
119,Dmitry Rybolovlev,9.1,46,fertilizer,Russia
119,Marcel Herrmann Telles,9.1,63,beer,Brazil
121,Klaus-Michael Kuhne,9,75,shipping,Germany
122,Hasso Plattner,8.9,69,software,Germany
123,Iskander Makhmudov,8.7,49,"mining, metals, machinery",Russia
123,Joao Roberto Marinho,8.7,59,media,Brazil
123,Roberto Irineu Marinho,8.7,65,media,Brazil
123,Pierre Omidyar,8.7,45,Ebay,United States
123,Hansjoerg Wyss,8.7,78,medical devices,Switzerland
128,Jose Roberto Marinho,8.6,57,media,Brazil
128,Masayoshi Son,8.6,55,"Internet, telecom",Japan
128,Wang Jianlin,8.6,58,real estate,China
131,Giorgio Armani,8.5,78,fashion,Italy
131,Andreweal,8.5,60,"banks, real estate",United States
131,Oleg Deripaska,8.5,45,"aluminum, utilities",Russia
131,R.udi Hartono,8.5,72,"banking, tobacco",Indonesia
131,Shashi & Ravi Ruia,8.5,NA,diversified,India
136,Srichand & Gopichand Hinduja,8.3,77,diversified,United Kingdom
136,Harold Simmons,8.3,82,investments,United States
138,Sergei Galitsky,8.2,45,retail,Russia
138,Michael Hartono,8.2,73,"tobacco,anking",Indonesia
138,Alexei Kuzmichev,8.2,50,"oil,anking, telecom",Russia
138,Eric Schmidt,8.2,58,Google,United States
138,August von Finck,8.2,83,investments,Germany
143,Leonard Lauder,8.1,80,Estee Lauder,United States
143,"Samuel Newhouse, Jr.",8.1,85,Conde Nast,United States
145,Elaine Marshall & family,8,70,inherited,United States
145,Patrick Soon-Shiong,8,61,pharmaceuticals,United States
145,Alain & Gerard Wertheimer,8,NA,Chanel,France
145,Galen Weston & family,8,72,retail,Canada
145,Peter Woo & family,8,67,real estate,Hong Kong
150,Kumarirla,7.9,45,commodities,India
150,Carlos Alberto Sicupira,7.9,65,beer,Brazil
150,Andrei Skoch,7.9,47,steel,Russia
153,Tsai Wan-Tsai & family,7.8,83,finance,Taiwan
154,James Goodnight,7.7,70,software,United States
155,Savitri Jindal & family,7.6,63,steel,India
156,Klaus Tschira,7.5,72,SAP,Germany
157,Charlesutt,7.4,75,supermarkets,United States
158,Kjeld Kirk Kristiansen,7.3,65,Lego,Denmark
158,Liang Wengen,7.3,56,manufacturing,China
158,Donald Newhouse,7.3,83,Conde Nast,United States
161,Dieter Schnabel,7.2,67,chemicals,Germany
162,Leonid Fedun,7.1,57,Lukoil,Russia
162,Suleiman Kerimov,7.1,47,investments,Russia
162,Dietrich Mateschitz,7.1,69,Redull,Austria
162,Ludwig Merckle,7.1,48,pharmaceuticals,Germany
166,Mohamedin Issa Al Jaber,7,54,"real estate, hotels",Saudi Arabia
166,"Edward Johnson, III.",7,82,Fidelity,United States
166,Joseph Lau,7,61,real estate,Hong Kong
166,Ralph Lauren,7,73,Ralph Lauren,United States
166,"John Menard, Jr.",7,73,retail,United States
166,David Tepper,7,55,hedge funds,United States
172,Robin Li,6.9,44,technology,China
173,Ma Huateng,6.8,41,internet,China
173,Sunil Mittal & family,6.8,55,telecom,India
175,Patrizioertelli,6.7,67,luxury goods,Italy
175,Filaret Galchev,6.7,50,construction materials,Russia
175,Ivan Glasenberg,6.7,56,commodities,Australia
175,Vladimir Yevtushenkov,6.7,64,telecom,Russia
179,Eva Gonda Rivera and family,6.6,NA,beverages,Mexico
179,Xavier Niel,6.6,45,"internet, telecom",France
179,Johann Rupert & family,6.6,62,luxury goods,South Africa
182,Dietmar Hopp,6.5,73,SAP,Germany
182,Shiv Nadar,6.5,67,information technology,India
182,Idan Ofer,6.5,57,"drilling, shipping",Israel
182,Nicky Oppenheimer & family,6.5,67,diamonds,South Africa
182,Ira Rennert,6.5,79,investments,United States
182,Nassef Sawiris,6.5,52,construction,Egypt
182,Stephen Schwarzman,6.5,66,private equity,United States
189,Stefano Pessina,6.4,71,drugstores,Italy
189,Heinz Hermann Thiele & family,6.4,72,brakes,Germany
191,Eliroad,6.3,79,investments,United States
191,Chung Mong-Koo,6.3,75,Hyundai motor,South Korea
191,Kushal Pal Singh,6.3,81,real estate,India
194,Silvioerlusconi & family,6.2,76,media,Italy
195,Eduardoelmont Anderson,6.1,NA,cosmetics,Peru
195,Rosalia Mera,6.1,69,Zara,Spain
195,Paolo & Gianfelice Mario Rocca,6.1,NA,pipes,Italy
198,Sulaiman Al Rajhi & family,6,93,banking,Saudi Arabia
198,David Geffen,6,70,"movies, music",United States
198,Jim Kennedy,6,65,media,United States
198,Liu Yongxing,6,64,agribusiness,China
198,Margarita Louis-Dreyfus,6,50,commodities,Switzerland
198,John Malone,6,72,cable television,United States
198,Eyal Ofer,6,62,"real estate, shipping",Israel
198,James Packer,6,45,gaming,Australia
198,Blair Parry-Okeden,6,62,media,United States
198,Olav Thon,6,89,real estate,Norway
198,Reinhold Wurth,6,78,fasteners,Germany
209,Hui Ka Yan,5.9,54,real estate,China
210,Sergei Popov,5.8,41,banking,Russia
211,Micky Arison,5.7,63,Carnival Cruises,United States
211,Andrew Forrest,5.7,51,mining,Australia
211,Charles Johnson,5.7,80,money management,United States
211,Yang Huiyan,5.7,31,real estate,China
215,Ray Lee Hunt,5.6,70,"oil, real estate",United States
215,"Rupert Johnson, Jr.",5.6,72,money management,United States
215,Hiroshi Mikitani,5.6,48,online retailing,Japan
215,Teh Hong Piow,5.6,83,banking,Malaysia
219,Carlos and Alejandroulgheroni,5.5,NA,oil and gas,Argentina
219,Charles Cadogan & family,5.5,76,real estate,United Kingdom
219,Jeffrey Hildebrand,5.5,54,Oil,United States
219,Jim Pattison,5.5,84,diversified,Canada
219,Juan Roig,5.5,63,supermarkets,Spain
219,Thomas Schmidheiny,5.5,67,cement,Switzerland
225,Carlos Ardila Lulle,5.4,82,"soft drinks, diversified",Colombia
225,Pyotr Aven,5.4,58,"oil,anking, telecom",Russia
225,Johann Graf,5.4,66,gambling machines,Austria
225,Richard LeFrak & family,5.4,67,real estate,United States
229,Graeme Hart,5.3,57,investments,New Zealand
229,Bidzina Ivanishvili,5.3,57,investments,Georgia
229,Frank Lowy,5.3,82,shopping malls,Australia
229,Wei Jianjun & family,5.3,49,automobiles,China
233,Anil Ambani,5.2,53,diversified,India
233,Jean-Claude Decaux & family,5.2,75,advertising,France
233,Denis O'Brien,5.2,55,telecom,Ireland
233,Jorn Rausing,5.2,53,inherited,Sweden
233,Tang Yiu & family,5.2,79,retail,Hong Kong
233,Dennis Washington,5.2,78,"construction, mining",United States
239,Dannine Avara,5.1,49,pipelines,United States
239,Richard DeVos,5.1,87,Amway,United States
239,Scott Duncan,5.1,30,pipelines,United States
239,Milane Frantz,5.1,43,pipelines,United States
239,Terry Gou,5.1,62,electronics,Taiwan
239,Karl-Heinz Kipp,5.1,89,retail,Germany
239,Finn Rausing,5.1,58,inherited,Sweden
239,Kirsten Rausing,5.1,60,packaging,Sweden
239,Randa Williams,5.1,51,pipelines,United States
248,Isak Andic & family,5,59,Mango,Spain
248,Maria Asuncion Aramburuzabala & family,5,50,beer,Mexico
248,Philip & Cristina Green,5,61,retail,United Kingdom
248,Stanley Kroenke,5,65,"sports, real estate",United States
248,Hank & Doug Meijer,5,NA,supermarkets,United States
248,Akira Mori & family,5,76,real estate,Japan
248,Augusto & Giorgio Perfetti,5,NA,candy,Italy
248,Thomas Peterffy,5,68,discountrokerage,United States
248,Lucio Tan & family,5,78,diversified,Philippines
248,Wee Cho Yaw,5,84,banking,Singapore
258,Kuniousujima & family,4.9,88,gaming,Japan
258,Roberto Civita & family,4.9,76,"publishing, TV",Brazil
258,"Enrique Razon, Jr.",4.9,53,ports,Philippines
258,Robert Rowling,4.9,59,investments,United States
262,David Duffield,4.8,72,business software,United States
262,"Thomas Frist, Jr. & family",4.8,74,health care,United States
262,Hui Wing Mau,4.8,62,real estate,Hong Kong
262,Quek Leng Chan,4.8,69,diversified,Malaysia
262,Karl Wlaschek,4.8,95,retail,Austria
267,Mike Adenuga,4.7,60,"telcom, oil",Nigeria
267,Michael Herz,4.7,69,coffee,Germany
267,Wolfgang Herz,4.7,62,coffee,Germany
267,Patrick McGovern,4.7,75,media,United States
267,Sumner Redstone,4.7,90,Viacom,United States
272,Alexander Abramov,4.6,54,"steel, mining",Russia
272,Richardranson,4.6,62,Virgin,United Kingdom
272,Walter Faria,4.6,58,beer,Brazil
272,Kweerothers,4.6,68,real estate,Singapore
276,Jin Sook & Do Won Chang,4.5,58,Forever 21,United States
276,Paul Desmarais,4.5,86,finance,Canada
276,David Green,4.5,71,retail,United States
276,James & Arthur Irving,4.5,NA,diversified,Canada
276,Henry Kravis,4.5,69,leverageduyouts,United States
276,Ann Walton Kroenke,4.5,64,Wal-Mart,United States
276,Lee Shin Cheng,4.5,74,palm oil,Malaysia
276,Trevor Rees-Jones,4.5,61,oil & gas,United States
276,Harry Triguboff,4.5,80,real estate,Australia
276,Leslie Wexner,4.5,75,retail,United States
286,Gustavo Cisneros & family,4.4,67,media,Venezuela
286,Heinz-Horst Deichmann & family,4.4,86,shoes,Germany
286,Francisco Ivens de Sa Diasranco,4.4,78,food production,Brazil
286,James Dyson,4.4,66,vacuums,United Kingdom
286,Malcolm Glazer & family,4.4,84,"sports teams, real estate",United States
286,Erivan Haub & family,4.4,80,retail,Germany
286,Pansy Ho,4.4,50,gaming,Hong Kong
286,Uday Kotak,4.4,54,banking,India
286,Stephen Ross,4.4,73,real estate,United States
286,Stef Wertheimer & family,4.4,86,tools,Israel
286,Daniel Ziff,4.4,41,investments,United States
286,Dirk Ziff,4.4,49,investments,United States
286,Robert Ziff,4.4,46,investments,United States
299,Emmanuelesnier,4.3,42,Lactalis,France
299,Leonlack,4.3,61,private equity,United States
299,Laurence Graff,4.3,74,diamond jewelry,United Kingdom
299,Bruce Kovner,4.3,68,hedge funds,United States
299,Elizabeth Mohn & family,4.3,72,media,Germany
299,Emanuele (Lino) Saputo,4.3,76,cheese,Canada
299,Charles Schwab,4.3,75,discountrokerage,United States
299,Takemitsu Takizaki,4.3,67,sensors,Japan
299,Wu Yajun & family,4.3,49,real estate,China
308,Shari Arison,4.2,55,Carnival Cruises,Israel
308,Anthonyamford & family,4.2,67,construction equipment,United Kingdom
308,S. Truett Cathy,4.2,92,Chick-fil-A,United States
308,Bruce Halle,4.2,83,Discount Tire,United States
308,Joe Lewis,4.2,76,investments,United Kingdom
308,Arnon Milchan,4.2,68,movie making,Israel
308,Viktor Rashnikov,4.2,64,steel,Russia
308,Leonard Stern,4.2,75,real estate,United States
316,Americo Amorim,4.1,78,"energy, investments",Portugal
316,Pierreellon & family,4.1,83,food services,France
316,Chan Laiwa & family,4.1,72,real estate,China
316,Barbara Carlson Gage,4.1,71,"hotels, restaurants",United States
316,Ken Griffin,4.1,44,hedge funds,United States
316,Bertil Hult,4.1,72,education,Sweden
316,Jay Y. Lee,4.1,44,Samsung,South Korea
316,Gordon Moore,4.1,84,Intel,United States
316,Marilyn Carlson Nelson,4.1,74,"hotels, restaurants",United States
316,George Roberts,4.1,69,leverageduyouts,United States
316,Melker Schorling,4.1,66,investments,Sweden
316,Bruno Schroder & family,4.1,80,banking,United Kingdom
316,Beny Steinmetz,4.1,57,"mining, diamonds, real estate",Israel
329,Jeronimo Arango & family,4,87,retail,Mexico
329,Vincentollore,4,61,investments,France
329,Gayle Cook,4,79,medical devices,United States
329,John Paul DeJoria,4,69,"hair products, tequila",United States
329,Curt Engelhorn,4,87,pharmaceuticals,Germany
329,Andre Esteves,4,44,banking,Brazil
329,Andrei Guriev,4,53,fertilizers,Russia
329,Stein Erik Hagen & family,4,56,retail,Norway
329,Micky Jagtiani,4,61,retail,India
329,William Koch,4,73,"oil, investments",United States
329,Ted Lerner,4,87,real estate,United States
329,Lin Rong San,4,74,real estate,Taiwan
329,Lu Zhiqiang,4,60,diversified,China
329,Lorenzo Mendoza & family,4,47,beverages,Venezuela
329,Sun Guangxin,4,50,diversified,China
329,Sam Zell,4,71,"real estate, private equity",United States
345,Andrew Tan,3.95,60,diversified,Philippines
346,Nancy Walton Laurie,3.9,62,Wal-Mart,United States
346,George Lucas,3.9,69,Star Wars,United States
346,Luo Jye & family,3.9,87,tires,Taiwan
346,Liselott Persson,3.9,64,H&M,Sweden
346,Cyrus Poonawalla,3.9,72,biotech,India
346,Mitchell Rales,3.9,56,manufacturing,United States
346,John A. Sobrato & family,3.9,74,real estate,United States
353,Bernard Ecclestone & family,3.8,82,Formula One,United Kingdom
353,Aloysio de Andrade Faria,3.8,92,banking,Brazil
353,Diane Hendricks,3.8,66,roofing,United States
353,Samvel Karapetyan,3.8,47,development,Russia
353,Liu Yonghao & family,3.8,61,agribusiness,China
353,Dustin Moskovitz,3.8,29,Facebook,United States
353,Victor Pinchuk,3.8,52,"steel pipes, diversified",Ukraine
353,Steven Rales,3.8,62,manufacturing,United States
353,John Sall,3.8,65,software,United States
353,Roger Wang,3.8,64,retail,United States
363,Abilio dos Santos Diniz,3.7,76,retail,Brazil
363,Albert Frere,3.7,87,investments,Belgium
363,Barry Lam,3.7,64,computers,Taiwan
363,Lars Larsen,3.7,64,retail,Denmark
363,Bernardo Matte,3.7,NA,paper,Chile
363,Eliodoro Matte,3.7,NA,paper,Chile
363,Patricia Matte,3.7,NA,paper,Chile
363,"Edward Roski, Jr.",3.7,74,real estate,United States
363,Bernard (Barry) Sherman,3.7,71,pharmaceuticals,Canada
363,Jeffrey Skoll,3.7,48,Ebay,United States
363,Maria Luisa Solari Falabella & family,3.7,NA,retail,Chile
363,Sheldon Solow,3.7,84,real estate,United States
363,Samuel Yin,3.7,62,diversified,Taiwan
376,Majid Al Futtaim,3.6,NA,"real estate, retail",United Arab Emirates
376,Adi Godrej & family,3.6,71,Consumer goods,India
376,Jamshyd Godrej & family,3.6,64,Consumer Goods,India
376,Barbara Piasecka Johnson,3.6,76,Johnson & Johnson,United States
376,"Paul Tudor Jones, II.",3.6,58,hedge funds,United States
376,Ronald Lauder,3.6,69,Estee Lauder,United States
376,Axel Oberwelland,3.6,46,candy,Germany
376,Zhang Xin & family,3.6,47,real estate,China
384,Michael Ashley,3.5,53,sports retailing,United Kingdom
384,John Gandel,3.5,78,shopping malls,Australia
384,Daniel Gilbert,3.5,51,Quicken Loans,United States
384,Jan Kulczyk,3.5,63,"telecom, oil,eer",Poland
384,Tom & Judy Love,3.5,75,retail & gas stations,United States
384,Najib Mikati,3.5,57,telecom,Lebanon
384,Taha Mikati,3.5,68,telecom,Lebanon
384,"Henry Ross Perot, Sr.",3.5,82,"computer services, real estate",United States
384,Lynn Schusterman,3.5,74,"oil & gas, investments",United States
384,Steven Udvar-Hazy,3.5,67,aircraft leasing,United States
384,Christoffel Wiese,3.5,71,retailing,South Africa
395,Anil Agarwal,3.4,59,"mining, metals",India
395,Heinz-Georgaus,3.4,79,home improvement stores,Germany
395,Juan Cuneo Solari & family,3.4,NA,retail,Chile
395,Pauline MacMillan Keinath,3.4,79,Cargill Inc.,United States
395,Lin Yu-lin,3.4,77,real estate,Taiwan
395,Ian & Richard Livingstone,3.4,NA,real estate,United Kingdom
395,Sri Prakash Lohia,3.4,60,Polyester,Indonesia
395,Jack Ma,3.4,48,internet,China
395,Whitney MacMillan,3.4,84,Cargill Inc.,United States
395,Gwendolyn Sontheim Meyer,3.4,51,Cargill Inc.,United States
395,Carlos Rodriguez-Pastor,3.4,54,finance,Peru
395,Ferit Faik Sahenk,3.4,49,"banking, media",Turkey
395,David Shaw,3.4,62,hedge funds,United States
395,Teresa Matilde Solari Falabella & family,3.4,NA,retail,Chile
395,Andreas Strungmann,3.4,63,pharmaceuticals,Germany
395,Thomas Strungmann,3.4,63,pharmaceuticals,Germany
395,Chairul Tanjung,3.4,50,diversified,Indonesia
412,Ingvar Kamprad & family,3.3,87,Ikea,Sweden
412,Kirk Kerkorian,3.3,95,"casinos, investments",United States
412,Spiro Latsis & family,3.3,66,"banking, shipping",Greece
412,Kalanithi Maran,3.3,47,media,India
412,Alexander Nesis,3.3,50,"metals,anking, fertilizers",Russia
412,J. Christopher Reyes,3.3,59,food distribution,United States
412,Jude Reyes,3.3,57,food distribution,United States
412,Arkady Rotenberg,3.3,61,"construction, pipes,anking",Russia
412,Keiichiro Takahara,3.3,82,diapers,Japan
412,Zhang Jindong,3.3,50,retail,China
422,Tamara Gustavson,3.25,51,self storage,United States
423,Semahat Sevim Arsel,3.2,84,diversified,Turkey
423,David & Frederickarclay,3.2,79,"media, retail",United Kingdom
423,Vladimirogdanov,3.2,62,oil,Russia
423,Gustaf Douglas,3.2,75,security,Sweden
423,Frits Goldschmeding,3.2,79,temp agency,Netherlands
423,Robert Holding,3.2,NA,"oil, resorts",United States
423,Heidi Horten,3.2,72,retail,Austria
423,Fredrik Lundberg,3.2,61,"real estate, investments",Sweden
423,Dmitry Mazepin,3.2,45,chemicals,Russia
423,Karen Pritzker,3.2,55,"hotels, investments",United States
423,Antonio Luiz Seabra,3.2,70,cosmetics,Brazil
423,Jerry Speyer,3.2,72,real estate,United States
423,Steven Spielberg,3.2,66,movies,United States
423,Donald Trump,3.2,66,"television, real estate",United States
437,Gautam Adani,3.1,50,"commodities, infrastructure",India
437,Abdullain Ahmad Al Ghurair & family,3.1,NA,diversified,United Arab Emirates
437,David Azrieli & family,3.1,91,shopping malls,Canada
437,Othmanenjelloun,3.1,80,"banking, insurance",Morocco
437,Ronurkle,3.1,60,"supermarkets, investments",United States
437,Chung Eui-Sun,3.1,42,Hyundai motor,South Korea
437,Charles Dolan & family,3.1,86,cable television,United States
437,Guenther Fielmann,3.1,73,optometry,Germany
437,He Xiangjian,3.1,70,appliances,China
437,Antti Herlin,3.1,56,"elevators, escalators",Finland
437,Reid Hoffman,3.1,45,LinkedIn,United States
437,Nathan Kirsh,3.1,81,real estate,Swaziland
437,Edward Lampert,3.1,50,hedge funds,United States
437,Lu Guanqiu,3.1,68,diversified,China
437,Bernard Marcus,3.1,84,Home Depot,United States
437,Alain Merieux & family,3.1,75,pharmaceuticals,France
437,Husnu Ozyegin,3.1,68,"finance, diversified",Turkey
437,Clayton Riddell,3.1,75,oil & gas,Canada
437,Haim Saban,3.1,68,television,United States
437,Piero Solari Donaggio & family,3.1,NA,retail,Chile
437,Murat Ulker,3.1,54,food manufacturing,Turkey
458,Rileyechtel,3,61,"engineering, construction",United States
458,"Stephenechtel, Jr.",3,88,"engineering, construction",United States
458,John Catsimatidis,3,64,"oil, real estate, supermarkets",United States
458,"William Conway, Jr.",3,63,leverageduyouts,United States
458,Daniel D'Aniello,3,66,leverageduyouts,United States
458,William Ding,3,41,online games,China
458,Archie Aldis Emmerson,3,84,"timberland, lumber mills",United States
458,Israel Englander,3,64,hedge funds,United States
458,Mikhail Gutseriev,3,55,"oil, real estate",Russia
458,Otto Happel,3,65,engineering,Germany
458,Zarakh Iliev,3,46,real estate,Russia
458,"Herbert Kohler, Jr. & family",3,74,plumbing fixtures,United States
458,Lev Kvetnoi,3,47,"cement, airport",Russia
458,James Leprino,3,75,cheese,United States
458,Sergio Mantegazza,3,85,travel,Switzerland
458,God Nisanov,3,41,real estate,Russia
458,Terrence Pegula,3,62,natural gas,United States
458,Anthony Pritzker,3,52,"hotels, investments",United States
458,Jay Robert (J.B.) Pritzker,3,48,"hotels, investments",United States
458,Nevaldo Rocha & family,3,84,retail,Brazil
458,Kjell Inge Rokke,3,54,"shipping, seafood",Norway
458,Renzo Rosso,3,57,Diesel Jeans,Italy
458,David Rubenstein,3,63,leverageduyouts,United States
458,Filiz Sahenk,3,46,"bank, media",Turkey
458,Alvaro Saiehendeck,3,63,banking,Chile
458,Stephan Schmidheiny,3,65,investments,Switzerland
458,Elisio Alexandre Soares dos Santos & family,3,78,retail,Portugal
458,Friede Springer,3,70,publishing,Germany
458,Wang Yung-Tsai,3,92,plastics,Taiwan
458,Aloys Wobben,3,61,wind turbines,Germany
458,Eddie & Sol Zakay,3,62,real estate,United Kingdom
458,Zhang Shiping & family,3,66,metals,China
490,Vasily Anisimov,2.9,61,"metals, real estate",Russia
490,Martha Ingram & family,2.9,77,"book distribution, transportation",United States
490,Shahid Khan,2.9,62,auto parts,United States
490,Mustafa Rahmi Koc,2.9,82,diversified,Turkey
490,Patrice Motsepe,2.9,51,mining,South Africa
490,Daniel Och,2.9,52,hedge funds,United States
490,Hans Riegel,2.9,90,candy,Germany
490,Shi Yuzhu,2.9,50,diversified,China
490,Zygmunt Solorz-Zak,2.9,56,TVroadcasting,Poland
490,Alfred Taubman,2.9,89,real estate,United States
490,Joan Tisch,2.9,87,diversified,United States
490,Chip Wilson,2.9,56,Lululemon,Canada
502,Richard Chandler,2.85,54,investments,New Zealand
503,John Arnold,2.8,39,hedge funds,United States
503,Francis Choi,2.8,65,real estate,Hong Kong
503,David Consunji & family,2.8,91,construction,Philippines
503,Stanley Druckenmiller,2.8,59,hedge funds,United States
503,Doris Fisher,2.8,81,Gap,United States
503,Gong Hongjia & family,2.8,48,investments,Hong Kong
503,James Jannard,2.8,63,sunglasses,United States
503,H. Fisk Johnson,2.8,55,SC Johnson & Sons,United States
503,Imogene Powers Johnson,2.8,83,SC Johnson & Sons,United States
503,S. Curtis Johnson,2.8,58,SC Johnson & Sons,United States
503,Helen Johnson-Leipold,2.8,56,SC Johnson & Sons,United States
503,Winnie Johnson-Marquart,2.8,54,SC Johnson & Sons,United States
503,Patrick Lee,2.8,71,paper,Hong Kong
503,Farhad Moshiri,2.8,58,"iron ore, steel, telecoms",United Kingdom
503,"Julian Robertson, Jr.",2.8,81,hedge funds,United States
503,Ronda Stryker,2.8,59,medical technology,United States
503,Alexander Svetakov,2.8,45,"banking, real estate",Russia
503,Sukanto Tanoto,2.8,63,diversified,Indonesia
503,Sarik Tara,2.8,83,construction,Turkey
503,Andreas vonechtolsheim,2.8,57,Google,Germany
503,Oprah Winfrey,2.8,59,television,United States
503,Steve Wynn,2.8,71,"casinos, hotels",United States
503,Yeoh Tiong Lay,2.8,83,diversified,Malaysia
526,Syed Mokhtar AlBukhary,2.75,61,diversified,Malaysia
527,Ali Ibrahim Agaoglu,2.7,59,construction,Turkey
527,Robertass,2.7,65,"oil, investments",United States
527,Cai Kui,2.7,50,real estate,China
527,"Edward DeBartolo, Jr.",2.7,66,shopping centers,United States
527,John Doerr,2.7,61,venture capital,United States
527,Guo Guangchang,2.7,46,diversified,China
527,Gunter Herz,2.7,72,coffee,Germany
527,"Amos Hostetter, Jr.",2.7,76,cable television,United States
527,Huang Rulun,2.7,61,real estate,China
527,Michael & Marian Ilitch & family,2.7,83,pizza,United States
527,Masatoshi Ito,2.7,89,retail,Japan
527,"Jeremy Jacobs, Sr.",2.7,73,sports concessions,United States
527,Jerry Jones,2.7,70,Dallas Cowboys,United States
527,Manuel Jove,2.7,71,real estate,Spain
527,Peter Kellogg,2.7,70,investments,United States
527,Vincent Lo,2.7,64,real estate,Hong Kong
527,Mary Alice Dorrance Malone,2.7,63,Campbell Soup,United States
527,Daniel Mate,2.7,49,Glencore International,Spain
527,Aristotelis Mistakidis,2.7,51,Glencore International,Greece
527,Theo Mueller,2.7,73,dairies,Germany
527,Elon Musk,2.7,41,Tesla Motors,United States
527,Kerr Neilson,2.7,63,finance,Australia
527,"David Rockefeller, Sr.",2.7,97,"Standard Oil,anking",United States
527,Warren Stephens,2.7,56,investmentanking,United States
527,Kelcy Warren,2.7,57,pipelines,United States
527,Michael Ying,2.7,63,retail,Hong Kong
527,Zhang Li,2.7,60,real estate,China
554,Prince Sultanin Mohammedin Saud Al Kabeer,2.6,59,dairy farms,Saudi Arabia
554,Marcenioff,2.6,48,business software,United States
554,Davidonderman,2.6,70,leverageduyouts,United States
554,Martin & Olivierouygues,2.6,NA,"construction, media",France
554,Thomasruch,2.6,63,food retailing,Germany
554,Peteruck,2.6,82,Subway Restaurants,United States
554,John Caudwell,2.6,60,mobile phones,United Kingdom
554,Jack Dangermond,2.6,67,mapping software,United States
554,Edson de Godoyueno,2.6,69,"hospitals, health care",Brazil
554,Fred DeLuca,2.6,65,Subway Restaurants,United States
554,Philippe Foriel-Destezet,2.6,77,temp agency,France
554,Phillip Frost,2.6,76,pharmaceuticals,United States
554,William Fung,2.6,65,sourcing,Hong Kong
554,Tom Gores,2.6,48,private equity,United States
554,Huang Wei,2.6,53,real estate,China
554,Daryl Katz,2.6,51,pharmacies,Canada
554,Suna Kirac,2.6,71,diversified,Turkey
554,Kuok Khoon Hong,2.6,63,Palm Oil,Singapore
554,Kar Po Law,2.6,65,hotels,Hong Kong
554,Rodney Lewis,2.6,59,natural gas,United States
554,Friedhelm Loh,2.6,66,manufacturing,Germany
554,Ana Maria Marcondes Penido Sant'Anna,2.6,57,toll roads,Brazil
554,Philip Niarchos,2.6,59,art collection,Greece
554,Rubens Ometto Silveira Mello,2.6,63,"sugar, ethanol",Brazil
554,"Wilbur Ross, Jr.",2.6,75,investments,United States
554,Malvinder & Shivinder Singh,2.6,40,healthcare,India
554,David Sun,2.6,61,computer hardware,United States
554,Nikolai Tsvetkov,2.6,53,banking,Russia
554,John Tu,2.6,72,computer hardware,United States
554,Chee Chen Tung & family,2.6,71,shipping,Hong Kong
554,George Ty & family,2.6,80,banking,Philippines
554,Ye Chenghai & family,2.6,69,pharmaceuticals,Hong Kong
554,Zhang Zhidong,2.6,41,Internet,China
554,Anita Zucker,2.6,61,chemicals,United States
588,Chen Fashu,2.55,52,diversified,China
589,Emilio Azcarraga Jean,2.5,45,media,Mexico
589,Leon G. Cooperman,2.5,70,hedge funds,United States
589,Henry Fong Yun Wah,2.5,88,real estate,Hong Kong
589,Victor Fung & family,2.5,67,trading company,United States
589,Han Chang-Woo & family,2.5,82,gaming,Japan
589,Timothy Headington,2.5,63,"oil & gas, investments",United States
589,Daniela Herz,2.5,59,coffee,Germany
589,Hui Lin Chit,2.5,60,consumer products,China
589,Erman Ilicak,2.5,45,construction,Turkey
589,Alicia Koplowitz,2.5,58,construction,Spain
589,Ziyad Manasir,2.5,47,construction,Russia
589,Siegfried Meister,2.5,75,appliances,Germany
589,A. Jerrold Perenchio,2.5,82,television,United States
589,Sebastian Pinera,2.5,63,investments,Chile
589,Anders Holch Povlsen,2.5,40,retail,Denmark
589,Paul Ramsay,2.5,77,hospitals,Australia
589,Phillip Ruffin,2.5,78,"casinos, real estate",United States
589,Naguib Sawiris,2.5,58,telecom,Egypt
589,Peter Sondakh,2.5,61,investments,Indonesia
589,Sze Manok,2.5,63,consumer products,China
589,Tong Jinquan,2.5,58,real estate,China
589,Ty Warner,2.5,69,Beanieabies,United States
589,John Whittaker,2.5,71,real estate,United Kingdom
612,H. Wayne Huizenga,2.45,75,investments,United States
613,Yvonneauer & family,2.4,36,Bauer Media Group,Germany
613,Clive Calder,2.4,66,record label,United Kingdom
613,Subhash Chandra,2.4,62,media,India
613,Mark Cuban,2.4,54,online media,United States
613,Dulce Pugliese de Godoyueno,2.4,65,"hospitals, health care",Brazil
613,Rafael Del Pino y Calvo-Sotelo,2.4,54,construction,Spain
613,"John Dorrance, III.",2.4,69,Campbell Soup,Ireland
613,Jaime Gilinskiacal,2.4,55,banking,Colombia
613,Deshandhu Gupta,2.4,75,pharmaceuticals,India
613,Bahaa Hariri,2.4,47,"real estate, investments, logistics",Lebanon
613,Vyacheslav Kantor,2.4,59,"fertilizer, real estate",Russia
613,Mehmet Emin Karamehmet,2.4,69,"telecom, diversified",Turkey
613,Danil Khachaturov,2.4,41,"insurance,anking, real estate",Russia
613,Randal Kirk,2.4,59,pharmaceuticals,United States
613,Ihor Kolomoyskyy,2.4,50,"banking, investments",Ukraine
613,George Lindemann & family,2.4,77,investments,United States
613,Niels Peter Louis-Hansen,2.4,65,medical devices,Denmark
613,David Murdock,2.4,90,"Dole, real estate",United States
613,Igor Olenicoff,2.4,70,real estate,United States
613,Isaac Perlmutter,2.4,70,Marvel,United States
613,"Robert Rich, Jr.",2.4,72,frozen foods,United States
613,Moise Safra,2.4,78,banking,Brazil
613,Alexandra Schorghuber,2.4,54,real estate,Germany
613,Rufino Vigil Gonzalez,2.4,64,steel,Mexico
613,Wang Yusuo & family,2.4,49,energy,China
613,Cher Wang & Wenchi Chen,2.4,55,HTC,Taiwan
613,Kamil Yazici,2.4,84,"beverages, diversified",Turkey
613,Mortimer Zuckerman,2.4,75,"real estate, media",United States
641,Mohammed Al Issa,2.3,88,investments,Saudi Arabia
641,Huberturda,2.3,73,publishing,Germany
641,Jose and Francisco Jose Calderon Rojas,2.3,58,beverages,Mexico
641,"Austen Cargill, II.",2.3,62,Cargill Inc.,United States
641,"James Cargill, II.",2.3,64,Cargill Inc.,United States
641,Jim Davis & family,2.3,70,Newalance,United States
641,Ray Dolby,2.3,80,Dolby Laboratories,United States
641,Ralph Dommermuth,2.3,49,internet service provider,Germany
641,Alexander Dzhaparidze,2.3,57,oil services,Russia
641,Jeff Greene,2.3,58,"real estate, investments",United States
641,Bill Gross,2.3,69,investments,United States
641,David Hains,2.3,82,finance,Australia
641,Peter Hargreaves,2.3,66,financial services,United Kingdom
641,Henry Hillman,2.3,94,investments,United States
641,Vladimir Kim,2.3,52,mining,Kazakhstan
641,Robert Kraft,2.3,71,New England Patriots,United States
641,Angela Leong,2.3,52,gaming,Hong Kong
641,Marianne Liebmann,2.3,59,"Cargill, Inc.",United States
641,Alexander Mamut,2.3,53,investments,Russia
641,Masahiro Miki,2.3,57,retail,Japan
641,Michael Milken,2.3,66,investments,United States
641,Robert Miller,2.3,67,retail,Canada
641,Pan Zhengmin & family,2.3,43,electronics,China
641,Tor Peterson,2.3,48,Glencore International,United States
641,Thomas Pritzker,2.3,62,"hotels, investments",United States
641,Richard Rainwater,2.3,68,"real estate, energy, insurance",United States
641,Kerry Stokes,2.3,72,media,Australia
641,Wang Chuanfu,2.3,47,"batteries, autos",China
641,Zhu Xingliang,2.3,54,interior decorating,China
670,Abdullah Al Rajhi,2.2,NA,banking,Saudi Arabia
670,"Herbert Allen, Jr. & family",2.2,73,investmentanking,United States
670,Nadhmi Auchi,2.2,75,real estate,United Kingdom
670,Juan Fernandoelmont Anderson,2.2,69,cosmetics,Peru
670,Neilluhm,2.2,75,real estate,United States
670,Chu Mang Yee & family,2.2,53,real estate,China
670,Christian & Olivier Courtin-Clarins & family,2.2,59,Clarins,France
670,John de Mol,2.2,58,TV,Netherlands
670,John Fisher,2.2,51,Gap,United States
670,Fu Liquan & family,2.2,45,electronics,China
670,Dan Gertler,2.2,39,mining,Israel
670,Esther Grether & family,2.2,77,"art collection, Swatch",Switzerland
670,Indu Jain,2.2,76,media,India
670,Jiangin,2.2,46,electronics,China
670,Li Shufu,2.2,49,automobiles,China
670,Li Sze Lim,2.2,56,real estate,Hong Kong
670,Mohamed Mansour,2.2,65,diversified,Egypt
670,Michael Moritz,2.2,58,venture capital,United States
670,Brijmohan Lall Munjal,2.2,89,motorcycles,India
670,Viktor Nusenkis,2.2,59,"coal, metallurgy",Russia
670,Dmitry Pumpyansky,2.2,49,steel pipes,Russia
670,Stewart and Lynda Resnick,2.2,NA,"agriculture, water",United States
670,Eduardo Saverin,2.2,31,Facebook,Brazil
670,Maria-Elisabeth & Georg Schaeffler,2.2,NA,ballearings,Germany
670,Michael & Rainer Schmidt-Ruthenbeck,2.2,NA,retail,Germany
670,"Walter Scott, Jr.",2.2,82,"construction, telecom",United States
670,Shen Guojun,2.2,50,retail,China
670,Herbert Simon,2.2,78,real estate,United States
670,"Clemmie Spangler, Jr.",2.2,81,investments,United States
670,Suh Kyung-Bae,2.2,50,Amorepacific,South Korea
670,Yitzhak Tshuva,2.2,64,real estate,Israel
670,Bulat Utemuratov,2.2,55,"mining,anking, hotels",Kazakhstan
670,"William Wrigley, Jr.",2.2,49,chewing gum,United States
670,Xu Jingren & family,2.2,68,pharmaceuticals,China
704,Juan Abello,2.1,71,investments,Spain
704,Joao Alves de Queiroz Filho,2.1,60,consumer goods,Brazil
704,Alexeard,2.1,45,Glencore International,United Kingdom
704,Bernardroermann,2.1,69,healthcare,Germany
704,Miloud Chaabi,2.1,84,real estate,Morocco
704,Patokh Chodiev,2.1,60,"mining, metals",Belgium
704,Silas Chou,2.1,66,apparel,Hong Kong
704,Mark Coombs,2.1,52,finance,United Kingdom
704,James Coulter,2.1,53,leverageduyouts,United States
704,Jean Claude Gandur,2.1,64,"oil trading, exploration",Switzerland
704,Gao Dekang & family,2.1,61,apparel,China
704,Joshua Harris,2.1,48,private equity,United States
704,Eduardo Hochschild,2.1,49,"inherited, mining",Peru
704,Stanley Hubbard,2.1,80,DirecTV,United States
704,Alijan Ibragimov,2.1,59,"mining, metals",Kazakhstan
704,Ajay Kalsi,2.1,NA,oil,India
704,Min Kao,2.1,64,navigation equipment,United States
704,Alexander Machkevich,2.1,59,"mining, metals",Israel
704,Vadim Moshkovich,2.1,46,"agriculture, development",Russia
704,Or Wai Sheun,2.1,61,real estate,Hong Kong
704,Pankaj Patel,2.1,60,pharmaceuticals,India
704,Stanley Perron,2.1,90,real estate,Australia
704,Alexander Ponomarenko,2.1,48,port,Russia
704,Nicolas Puech,2.1,70,Hermes,France
704,Qiu Guanghe & family,2.1,61,retail,China
704,Marc Rowan,2.1,51,private equity,United States
704,Alexander Skorobogatko,2.1,45,port,Russia
704,Frederick Smith,2.1,68,FedEx,United States
704,Sylvia Stroher,2.1,58,cosmetics,Germany
704,Lawrence Stroll,2.1,53,retail,Canada
704,T.Y. Tsai,2.1,NA,finance,Taiwan
704,Zhou Chengjian,2.1,48,retail,China
736,George Argyros,2,76,"real estate, investments",United States
736,Andrejabis,2,58,agriculture,Czech Republic
736,Rahulajaj,2,74,motorcycles,India
736,Edwardass,2,68,"oil, investments",United States
736,Leeass,2,57,"oil, investments",United States
736,Albertoenavides & family,2,92,mining,Peru
736,Carloenetton,2,69,Benetton,Italy
736,Gilbertoenetton,2,71,Benetton,Italy
736,Giulianaenetton,2,75,Benetton,Italy
736,Lucianoenetton,2,78,Benetton,Italy
736,Nicolaserggruen,2,51,investments,United States
736,Charlesronfman,2,81,liquor,Canada
736,Eva Mariaucher-Haefner,2,56,Computer Associates,Switzerland
736,Andrew & Peggy Cherng,2,NA,Panda Restaurant Group,United States
736,Chey Tae-Won,2,52,SK,South Korea
736,Lucio and Susan Co,2,NA,retailing,Philippines
736,Bharat Desai & family,2,60,outsourcing,United States
736,Domenico Dolce,2,54,Dolce & Gabbana,Italy
736,Isabel dos Santos,2,40,investments,Angola
736,Judy Faulkner,2,69,health IT,United States
736,Carlo Fidani,2,58,real estate,Canada
736,Alexander Frolov,2,49,"mining, steel",Russia
736,Stefano Gabbana,2,50,Dolce & Gabbana,Italy
736,Gordon Getty,2,79,Getty Oil,United States
736,Martin Haefner,2,59,"technology, investments",Switzerland
736,He Qiaonv & family,2,47,landscape architecture,China
736,Igor Kesaev,2,46,"tobacco distribution, retail",Russia
736,Wolfgang Leitner,2,60,engineering,Austria
736,Edwin Leong,2,62,real estate,Hong Kong
736,Peter Lim,2,59,investments,Singapore
736,Yasseen Mansour,2,51,diversified,Egypt
736,Richard Marriott,2,74,hotels,United States
736,George Mitchell,2,94,oil & gas,United States
736,Martin Naughton,2,74,heating equipment,Ireland
736,Lirio Parisotto,2,59,investments,Brazil
736,Sean Parker,2,33,Facebook,United States
736,Richard Peery,2,74,real estate,United States
736,Michael Pieper,2,67,kitchen appliances,Switzerland
736,Rajan Raheja & family,2,58,diversified,India
736,Onsi Sawiris,2,83,"construction, telecom",Egypt
736,Shin Chang-Jae,2,59,Kyobo Life Insurance,South Korea
736,Shin Dong-Bin,2,58,Lotte,South Korea
736,Martua Sitorus,2,53,Palm Oil,Indonesia
736,Michal Solowow,2,50,investments,Poland
736,Tahir,2,61,diversified,Indonesia
736,Ted Turner,2,74,cable television,United States
736,Martin Viessmann,2,59,heating equipment,Germany
736,Thongma Vijitpongpun,2,55,real estate,Thailand
736,Zhang Zhirong,2,44,shipbuilding,Hong Kong
785,Jean Coutu,1.95,86,pharmacies,Canada
785,B. Wayne Hughes,1.95,79,self storage,United States
785,Saleh Kamel,1.95,72,diversified,Saudi Arabia
785,Ma Jianrong & family,1.95,49,"textile, apparel",China
785,Youssef Mansour,1.95,68,diversified,Egypt
785,Krit Ratanarak,1.95,67,"media, real estate",Thailand
785,Romesh T. Wadhwani,1.95,65,Software,United States
792,John Arrillaga,1.9,75,real estate,United States
792,Ayman Asfari,1.9,54,oil services,United Kingdom
792,Benu Gopalangur,1.9,81,cement,India
792,Chao Teng-Hsiung,1.9,69,real estate,Taiwan
792,Chu Lam Yiu,1.9,43,flavorings,Hong Kong
792,Chung Mong-Joon,1.9,61,HYUNDAI heavy indust,South Korea
792,Richard Desmond,1.9,61,publishing,United Kingdom
792,Barry Diller,1.9,71,IAC/InterActiveCorp,United States
792,Charles Dunstone,1.9,49,mobile phones,United Kingdom
792,Gleb Fetisov,1.9,46,"telecom, finance",Russia
792,Ken Fisher,1.9,62,Money management,United States
792,Lindsay Fox,1.9,76,logistics,Australia
792,Alec Gores,1.9,60,private equity,United States
792,Carlos Hank Rhon & family,1.9,65,banking,Mexico
792,Saad Hariri,1.9,43,"construction, investments",Lebanon
792,Elie Horn,1.9,69,real estate,Brazil
792,Johnelle Hunt,1.9,81,trucking,United States
792,Michael Jaharis,1.9,84,pharmaceuticals,United States
792,Brad Kelley,1.9,56,tobacco,United States
792,Andrei Klyamko,1.9,51,steel,Russia
792,Kenneth Langone,1.9,77,investments,United States
792,Richard Li,1.9,46,telecom,Hong Kong
792,Igor Makarov,1.9,51,gas,Russia
792,Joe Mansueto,1.9,56,investment research,United States
792,Clayton Mathile,1.9,72,pet food,United States
792,Vadim Novinsky,1.9,49,steel,Ukraine
792,Jose Isaac Peres,1.9,72,shopping centers,Brazil
792,Jean (Gigi) Pritzker,1.9,51,"hotels, investments",United States
792,Dirk Rossmann,1.9,66,drugstore chain,Germany
792,Shin Dong-Joo,1.9,59,Lotte,South Korea
792,Donald Sterling,1.9,77,real estate,United States
792,Georg von Opel,1.9,47,real estate/investments,Germany
792,Meg Whitman,1.9,56,Ebay,United States
825,Liu Zhongtian,1.85,49,metal processors,China
825,Prasert Prasarttong-Osoth,1.85,80,hospitals,Thailand
825,John Pritzker,1.85,60,"hotels, investments",United States
825,Penny Pritzker,1.85,54,"hotels, investments",United States
825,Luis Enrique Yarur Rey,1.85,62,Empresas Juan Yarur S.A.C.,Chile
825,Zhang Hongwei,1.85,58,diversified,China
831,S. Daniel Abraham,1.8,88,Slim-Fast,United States
831,Aras Agalarov,1.8,57,real estate,Russia
831,Mikhailalakin,1.8,52,construction,Russia
831,Sidass,1.8,70,"oil, investments",United States
831,Stephenisciotti,1.8,53,"outsourcing, football",United States
831,Mariorescia Cafferata,1.8,84,mining,Peru
831,Chen Jianhua & family,1.8,42,chemicals,China
831,Dermot Desmond,1.8,62,finance,Ireland
831,Richard Elman & family,1.8,73,commodities,United Kingdom
831,Eduardo Eurnekian,1.8,70,"cable tv, agriculture",Argentina
831,Gerald J. Ford,1.8,68,banking,United States
831,Robert Friedland,1.8,62,mining,United States
831,Peter Gilgan,1.8,62,homebuilding,Canada
831,Jimmy Haslam,1.8,59,retail,United States
831,Hans-Werner Hector,1.8,73,SAP,Germany
831,Roberto Hernandez Ramirez,1.8,71,banking,Mexico
831,Guy Laliberte,1.8,53,Cirque du Soleil,Canada
831,Guilherme Peirao Leal,1.8,63,cosmetics,Brazil
831,"Drayton McLane, Jr.",1.8,76,"Wal-Mart, logistics",United States
831,Robert McNair,1.8,76,"energy, sports",United States
831,Mario Moretti Polegato,1.8,60,shoes,Italy
831,Rishad Naoroji,1.8,61,Consumer goods,India
831,Maja Oeri,1.8,58,Roche Holding,Switzerland
831,Chandru Raheja,1.8,72,real estate,India
831,Helena Revoredo,1.8,66,Prosegur Cia de Seguridad SA,Spain
831,Leandro Rizzuto,1.8,75,consumer products,United States
831,Teddy Sagi,1.8,41,Playtech,Israel
831,Thomas Siebel,1.8,60,business software,United States
831,Yoshikazu Tanaka,1.8,36,social networking,Japan
831,Tiong Hiew King,1.8,78,timber,Malaysia
831,Sandro Veronesi,1.8,53,Calzedonia,Italy
831,Juan-Miguel Villar Mir,1.8,81,construction,Spain
831,Dean White,1.8,90,"billboards, hotels",United States
831,Wong Luen Hei,1.8,51,pipe manufacturing,China
831,Hiroshi Yamauchi,1.8,85,Nintendo,Japan
831,Zhu Gongshan,1.8,55,solar panel materials,China
831,Igor Zyuzin,1.8,53,steel,Russia
868,Jason Chang,1.75,69,electronics,Taiwan
868,N. Murray Edwards,1.75,53,oil & gas,Canada
868,Jayme Garfinkel & family,1.75,66,insurance,Brazil
868,Rolf Gerling,1.75,58,insurance,Germany
868,Valery Kogan,1.75,62,airport,Russia
868,Lei Jun,1.75,43,smartphones,China
868,Liao Long-Shing,1.75,NA,petrochemicals,Taiwan
868,Suhon Lin,1.75,85,petrochemicals,Taiwan
868,"Bill Marriott, Jr.",1.75,81,hotels,United States
868,David Nahmad,1.75,66,art,Monaco
868,Daniel Pritzker,1.75,54,"hotels, investments",United States
868,Roustam Tariko,1.75,51,banking,Russia
868,Tseng Shin-Yi,1.75,85,petrochemicals,Taiwan
868,Wei Ing-Chou,1.75,60,"food,everages",Taiwan
882,Alexei Ananyev,1.7,48,"banking, IT, real estate",Russia
882,Dmitry Ananyev,1.7,44,"banking, IT, real estate",Russia
882,Carlennet,1.7,61,investments,Sweden
882,Henadiyoholyubov,1.7,51,"banking, investments",Ukraine
882,Ahmet Calik,1.7,55,"energy, media,anking",Turkey
882,David Cheriton,1.7,62,Google,Canada
882,Ennio Doris & family,1.7,72,insurance,Italy
882,Bennett Dorrance,1.7,67,Campbell Soup,United States
882,Glenn Dubin,1.7,56,hedge funds,United States
882,Bulent Eczacibasi,1.7,63,"pharmaceuticals, diversified",Turkey
882,Faruk Eczacibasi,1.7,58,"pharmaceuticals, diversified",Turkey
882,Tilman Fertitta,1.7,55,"restaurants, casinos",United States
882,David Filo,1.7,47,Yahoo,United States
882,Thomas Friedkin,1.7,77,Toyota distribution,United States
882,Reinold Geiger,1.7,65,beauty products,Austria
882,Sam Goi,1.7,64,frozen foods,Singapore
882,Noam Gottesman,1.7,52,hedge funds,United States
882,"Jim Justice, II.",1.7,62,coal,United States
882,Kim Jung-Ju,1.7,45,Nexon,South Korea
882,Alexander Knaster,1.7,54,"oil, telecom,anking",United States
882,Low Tuck Kwong,1.7,65,coal,Indonesia
882,Hans Melchers,1.7,75,"chemicals, investments",Netherlands
882,Rubens Menin Teixeira de Souza,1.7,57,homebuilding,Brazil
882,Theodore Rachmat,1.7,69,coal,Indonesia
882,Michael Rubin,1.7,40,online retailing,United States
882,Deniz Sahenk,1.7,67,"bank, media",Turkey
882,Henry Samueli,1.7,58,semiconductors,United States
882,Anatoly Sedykh,1.7,48,steel pipes,Russia
882,Thaksin Shinawatra & family,1.7,63,"real estate, telecom",Thailand
882,Anatoly Skurov,1.7,60,"coal, fertilisers",Russia
882,Song Zuowen,1.7,66,diversified,China
882,Ronald Southern,1.7,82,"structures, utilities",Canada
882,Hary Tanoesoedibjo,1.7,47,media,Indonesia
882,Glen Taylor,1.7,72,printing,United States
882,Mustafa Latif Topbas,1.7,69,"food manufacturing, retail",Turkey
882,Wei Yin-Chun,1.7,56,"food,everages",Taiwan
882,Wei Yin-Heng,1.7,54,"food,everages",Taiwan
882,Wei Ying-Chiao,1.7,58,"food,everages",Taiwan
882,Elaine Wynn,1.7,70,"casinos, hotels",United States
882,Zhong Sheng Jian,1.7,55,real estate,Singapore
922,Abdulla Al Futtaim,1.65,NA,"auto dealers, investments",United Arab Emirates
922,David Gottesman,1.65,87,investments,United States
922,Bruce Karsh,1.65,57,private equity,United States
922,Lu Xiangyang,1.65,50,"automobile, investments",China
922,Howard Marks,1.65,67,money management,United States
922,Andrei Molchanov,1.65,41,construction materials,Russia
922,Linda Pritzker,1.65,59,"hotels, investments",United States
922,Kavitark Ram Shriram,1.65,56,"venture capital, Google",United States
922,Gil Shwed,1.65,45,software,Israel
931,Lina Maria Aguiar,1.6,75,banking inheritance,Brazil
931,Ronaron,1.6,70,money management,United States
931,Arthurlank,1.6,70,Home Depot,United States
931,Normanraman,1.6,80,"art, car dealerships",United States
931,Alfred James Clark,1.6,85,construction,United States
931,"Robert Coyiuto, Jr.",1.6,60,power,Philippines
931,Ray Davis,1.6,71,pipelines,United States
931,James Dinan,1.6,54,hedge funds,United States
931,Robert Fisher,1.6,59,Gap,United States
931,Mitchell Goldhar,1.6,51,real estate,Canada
931,Tom Golisano,1.6,71,payroll services,United States
931,Achmad Hamami & family,1.6,82,heavy equipment,Indonesia
931,Richard Hayne,1.6,65,Urban Outfitters,United States
931,Michael Hintze,1.6,59,finance,Australia
931,Susan Hirt Hagen,1.6,76,Erie Indemnity,United States
931,Alan Howard,1.6,49,hedge funds,United Kingdom
931,Stephen Jarislowsky,1.6,87,money management,Canada
931,Kooon-Moo,1.6,68,LG,South Korea
931,Yuriy Kosiuk,1.6,45,agriculture,Ukraine
931,Gary Magness,1.6,59,"cable, investments",United States
931,"Stephen Mandel, Jr.",1.6,57,hedge funds,United States
931,Craig McCaw,1.6,63,telecom,United States
931,Tuncay Ozilhan,1.6,65,"beverages, diversified",Turkey
931,Ajay Piramal,1.6,57,pharmaceuticals,India
931,Murdaya Poo,1.6,72,diversified,Indonesia
931,Petro Poroshenko,1.6,47,confectionery,Ukraine
931,Stewart Rahr,1.6,67,drug distribution,United States
931,Vito Rodriguez Rodriguez,1.6,74,processed milk,Peru
931,Howard Schultz,1.6,59,Starbucks,United States
931,Pat Stryker,1.6,57,medical technology,United States
931,Djoko Susanto,1.6,63,retail,Indonesia
931,Peter Thiel,1.6,45,"Paypal, Facebook",United States
931,Joop van den Ende,1.6,71,TV,Netherlands
931,Arne Wilhelmsen & family,1.6,82,Royal Caribbean,Norway
965,Chen Jinxia,1.55,45,investments,China
965,Michael Chiang,1.55,60,electronics,Taiwan
965,Diego Della Valle,1.55,59,retail,Italy
965,William Fisher,1.55,56,Gap,United States
965,Vladimir Iorich,1.55,54,"mining, steel",Germany
965,Irwin Jacobs,1.55,79,Qualcomm,United States
965,Habil Khorakiwala,1.55,70,pharmaceuticals,India
965,N.R. Narayana Murthy & family,1.55,66,software,India
965,Ralph Sonnenberg,1.55,79,blinds,Netherlands
974,Zdenekakala,1.5,52,coal,Czech Republic
974,Marieesniereauvalot,1.5,32,Lactalis,France
974,Jean-Michelesnier,1.5,45,Lactalis,France
974,Manojhargava,1.5,60,5-Hour Energy,United States
974,Chang Yung Fa & family,1.5,85,transport,Taiwan
974,Ciputra & family,1.5,81,real estate,Indonesia
974,Scott Cook,1.5,60,Intuit,United States
974,Ashwin Dani,1.5,70,paints,India
974,William Erbey,1.5,63,Ocwen Financial Corp.,United States
974,Fang Wei,1.5,39,manufacturing,China
974,Victor Gradin & family,1.5,80,construction,Brazil
974,Vladimir Gridin & family,1.5,57,"coal, railway transport",Russia
974,Alfredo Harp Helu & family,1.5,69,banking,Mexico
974,Xiu Li Hawken,1.5,50,real estate,United Kingdom
974,John Henry,1.5,63,sports,United States
974,Ra-Hee Hong,1.5,67,Samsung,South Korea
974,James Irsay,1.5,53,Indianapolis Colts,United States
974,"Joe Jamail, Jr.",1.5,87,lawsuits,United States
974,Jiang Rensheng & family,1.5,59,pharmaceuticals,China
974,Hanni Toosbuy Kasprzak,1.5,55,shoes,Denmark
974,Vinod Khosla,1.5,58,venture capital,United States
974,Andrei Kosogov,1.5,52,"oil, telecom,anking",Russia
974,Stephen Lansdown,1.5,60,financial services,Guernsey
974,Lee Jay-Hyun,1.5,53,CJ,South Korea
974,Lee Myung-Hee,1.5,69,Shinsegae,South Korea
974,Thomas Lee,1.5,68,leverageduyouts,United States
974,Lev Leviev,1.5,57,diamonds,Israel
974,Lim Oon Kuin,1.5,69,oil trading,Singapore
974,Daniel Loeb,1.5,51,hedge funds,United States
974,Robert Miller,1.5,75,retail,United Kingdom
974,Zelimkhan Mutsoev,1.5,53,"fertilizers, real estate",Russia
974,Ezra Nahmad,1.5,67,art collection,Monaco
974,Jonathan Nelson,1.5,57,leverageduyouts,United States
974,Bob Parsons,1.5,62,web hosting,United States
974,Gregorio Perez Companc,1.5,77,oil and gas,Argentina
974,James Pritzker,1.5,61,"hotels, investments",United States
974,Phillip Ragon,1.5,63,health IT,United States
974,K. Anji Reddy & family,1.5,71,pharmaceuticals,India
974,Desmond Sacco,1.5,70,mining,South Africa
974,Yasumitsu Shigeta,1.5,48,mobile telecom,Japan
974,Brijhushan Singal,1.5,76,steel,India
974,Katsumi Tada,1.5,67,real estate,Japan
974,Wilma Tisch,1.5,85,diversified,United States
974,Albert von Thurn und Taxis,1.5,29,diversified,Germany
974,Pham Nhat Vuong,1.5,44,real estate,Vietnam
974,Jacky Xu,1.5,NA,apparel,St. Kitts and Nevis
974,Jerry Yang,1.5,44,Yahoo,United States
974,M.A. Yusuff Ali,1.5,57,retail,India
974,Kostyantin Zhevago,1.5,39,mining,Ukraine
974,Zhu Yicai,1.5,49,diversified,China
1024,Belmiro de Azevedo,1.45,75,retail,Portugal
1024,Huang Yi,1.45,51,auto distribution,Hong Kong
1024,Lin Li,1.45,50,investments,China
1024,Vikas Oberoi,1.45,42,real estate,India
1024,Richard Schulze,1.45,72,Bestuy,United States
1024,Wei Shaojun,1.45,50,real estate,China
1024,Xiong Xuqiang & family,1.45,56,real estate,Hong Kong
1031,Farkhad Akhmedov,1.4,57,natural gas,Russia
1031,Mohamed Al Fayed,1.4,80,retailing,Egypt
1031,Saif Al Ghurair & family,1.4,NA,diversified,United Arab Emirates
1031,Roman Avdeev,1.4,45,"banking, development",Russia
1031,Elisabethadinter,1.4,69,advertising,France
1031,Olegoyko,1.4,48,"entertaiment, retail, real estate",Russia
1031,Julioozano,1.4,77,banking,Brazil
1031,Johnrown,1.4,78,Stryker Corp.,United States
1031,Leonarduckeridge,1.4,77,construction,Australia
1031,Paoloulgari,1.4,75,Bulgari,Italy
1031,Steve Case,1.4,54,AOL,United States
1031,Vanich Chaiyawan,1.4,NA,"insurance, drinks",Thailand
1031,Chen Tianqiao,1.4,40,entertainment,China
1031,Chen Yung-Tai,1.4,NA,real estate,Taiwan
1031,"Chase Coleman, III.",1.4,37,hedge fund,United States
1031,Leszek Czarnecki,1.4,51,finance,Poland
1031,Juan Carlos Escotet,1.4,53,banking,Venezuela
1031,Mehmet Nazif Gunal,1.4,65,"tourism, construction",Turkey
1031,Douglas Hsu & family,1.4,70,diversified,Taiwan
1031,Huang Shih Tsai,1.4,61,real estate,Hong Kong
1031,Huang Zelan,1.4,57,metals,China
1031,Ravi Jaipuria,1.4,58,soft drinks,India
1031,Koh Wee Meng,1.4,49,real estate,Singapore
1031,Marc Lasry,1.4,52,hedge funds,United States
1031,Liang Yunchao,1.4,44,vitamins & nutrition supplements,China
1031,Liu Gexin,1.4,62,pharmaceuticals,China
1031,Mangal Prabhat Lodha,1.4,57,real estate,India
1031,Max Michel Suberville,1.4,80,retail,Mexico
1031,Gary Michelson,1.4,64,medical patents,United States
1031,"Henry Nicholas, III.",1.4,53,semiconductors,United States
1031,Neal Patterson,1.4,63,health IT,United States
1031,Florentino Perez,1.4,66,construction,Spain
1031,"Henry Ross Perot, Jr.",1.4,54,"computer services, real estate",United States
1031,Megdet Rahimkulov,1.4,67,investments,Russia
1031,Jorge Rodriguez Rodriguez,1.4,67,processed milk,Peru
1031,Boris Rotenberg,1.4,56,"construction, pipes, chemicals",Russia
1031,Chanchai Ruayrungruang,1.4,59,beverages,China
1031,Nobutada Saji,1.4,67,beverages,Japan
1031,Fayez Sarofim,1.4,84,money management,United States
1031,Richard Scaife,1.4,80,investments,United States
1031,Gerald Schwartz,1.4,71,finance,Canada
1031,Thomas Secunda,1.4,58,Bloomberg,United States
1031,Shao Genhuo,1.4,47,agribusiness,China
1031,Thomas Steyer,1.4,55,hedge funds,United States
1031,Sun Piaoyang,1.4,54,pharmaceuticals,China
1031,Tony Tan Caktiong & family,1.4,60,fast food,Philippines
1031,Mehmet Sinan Tara,1.4,55,construction,Turkey
1031,Peter Unger,1.4,68,auto repair,Germany
1031,Wang Muqing & family,1.4,62,auto distribution,China
1031,Wang Wenxue,1.4,46,real estate,China
1031,Dan Wilks,1.4,57,natural gas,United States
1031,Farris Wilks,1.4,61,natural gas,United States
1031,Gordon Wu,1.4,78,real estate,Hong Kong
1031,Albert Yeung,1.4,69,diversified,Hong Kong
1031,Zhang Zhixiang,1.4,46,steel,China
1031,Ahmet Nazif Zorlu,1.4,68,diversified,Turkey
1087,Wen Yibo & family,1.36,47,manufacturing,China
1088,Andreiokarev,1.35,46,"coal mining, machineuilding",Russia
1088,Ana Mariarescia Cafferata,1.35,89,"mining,anking",Peru
1088,Rosarescia Cafferata,1.35,86,"mining, fisheries",Peru
1088,Andrea Della Valle,1.35,47,shoes,Italy
1088,Andrei Filatov,1.35,41,"ports, railway transport",Russia
1088,Geng Jianming,1.35,50,real estate,China
1088,Christopher Goldsbury,1.35,70,salsa,United States
1088,Senapathy Gopalakrishnan & family,1.35,58,software,India
1088,Ayman Hariri,1.35,35,"construction, investments",Lebanon
1088,Fahd Hariri,1.35,32,"construction, investments",Lebanon
1088,Ingeburg Herz,1.35,91,coffee,Germany
1088,Marc Ladreit de Lacharriere,1.35,72,finance,France
1088,Nikita Mishin,1.35,41,"ports, railway transport",Russia
1088,Konstantin Nikolaev,1.35,42,"ports, railway transport",Russia
1088,Alexander Putilov,1.35,61,oil,Russia
1088,Nikolai Sarkisov,1.35,44,"insurance, real estate",Russia
1088,Sergei Sarkisov,1.35,54,insurance & real estate,Russia
1088,Shen Wenrong,1.35,67,steel,China
1088,Sit Kwong Lam,1.35,45,"oil, transportation",Hong Kong
1107,Lia Maria Aguiar,1.3,75,banking inheritance,Brazil
1107,Louisacon,1.3,54,hedge funds,United States
1107,Mehmet Rustuasaran,1.3,66,"bank, gas",Turkey
1107,Nicolaulgari,1.3,72,Bulgari,Italy
1107,Garyurrell,1.3,75,navigation equipment,United States
1107,Che Jianxin,1.3,46,"retail, real estate",China
1107,Turgay Ciner,1.3,57,diversified,Turkey
1107,Hubert D'Ornano,1.3,87,cosmetics,France
1107,D. Leopoldo Del Pino y Calvo-Sotelo,1.3,51,construction,Spain
1107,Murali Divi & family,1.3,62,pharmaceuticals,India
1107,Aydin Dogan,1.3,77,media,Turkey
1107,Juan Gallardo Thurlow,1.3,65,beverages,Mexico
1107,Valentin Gapontsev & family,1.3,74,lasers,Russia
1107,Alan Gerry,1.3,83,cable television,United States
1107,Andreas Halvorsen,1.3,52,hedge funds,Norway
1107,David Harding,1.3,51,finance,United Kingdom
1107,Keeree Kanjanapas,1.3,63,real estate,Thailand
1107,Thomas Kaplan,1.3,50,investments,United States
1107,Ali Metin Kazanci,1.3,78,energy,Turkey
1107,Kooon-Neung,1.3,64,LG,South Korea
1107,Timur Kulibaev,1.3,46,banking,Kazakhstan
1107,Dinara Kulibaeva,1.3,45,banking,Kazakhstan
1107,Li Shuirong,1.3,56,petrochemicals,China
1107,Jose Llado Fernandez-Urrutia,1.3,79,construction,Spain
1107,Aloke Lohia,1.3,54,Polyester,Thailand
1107,Billy Joe (Red) McCombs,1.3,85,"real estate, oil, cars",United States
1107,Shigenobu Nagamori,1.3,68,motors,Japan
1107,Nandan Nilekani & family,1.3,57,software,India
1107,Maxim Nogotkov,1.3,36,"retail,anking",Russia
1107,Kazuo Okada & family,1.3,70,casinos,Japan
1107,Ranjan Pai,1.3,40,education,India
1107,Peter Peterson,1.3,86,Blackstone Group,United States
1107,Michael Price,1.3,60,investments,United States
1107,Suzan Sabanci Dincer,1.3,48,diversified,Turkey
1107,Serra Sabanci,1.3,37,diversified,Turkey
1107,Sevket Sabanci,1.3,76,diversified,Turkey
1107,Silvio Santos,1.3,82,television,Brazil
1107,Anas Sefrioui,1.3,56,real estate,Morocco
1107,Shaul Shani,1.3,58,technology,Israel
1107,Evgeny (Eugene) Shvidler,1.3,49,"oil & gas, investments",United States
1107,Paul Singer,1.3,68,hedge funds,United States
1107,Edwin Soeryadjaya,1.3,64,coal,Indonesia
1107,Helmut Sohmen,1.3,73,shipping,Austria
1107,Mark Stevens,1.3,53,venture capital,United States
1107,Jon Stryker,1.3,55,medical technology,United States
1107,Vincent Tan,1.3,61,diversified,Malaysia
1107,Tsai Ming-Kai,1.3,63,semiconductors,Taiwan
1107,Wang Yong & family,1.3,62,food sweeteners,China
1107,Charlotte Colket Weber,1.3,70,Campbell Soup,United States
1107,Allan Wong & family,1.3,63,electronics,Hong Kong
1107,Nicholas Woodman,1.3,37,GoPro,United States
1107,Wu Yiling & family,1.3,63,pharmaceuticals,China
1107,Yan Zhi,1.3,40,real estate,China
1107,"Richard Yuengling, Jr.",1.3,70,beer,United States
1161,Mikhail Abyzov,1.25,40,"power, power engineering",Russia
1161,Fawzi Al-Kharafi,1.25,NA,diversified,Kuwait
1161,Jassim Al-Kharafi,1.25,NA,diversfied,Kuwait
1161,Mohannad Al-Kharafi,1.25,NA,diversified,Kuwait
1161,Venugopal Dhoot,1.25,61,electronics,India
1161,David Einhorn,1.25,44,hedge funds,United States
1161,"William Ford, Sr.",1.25,88,Ford Motor Co,United States
1161,Rakesh Jhunjhunwala,1.25,52,investments,India
1161,Sergei Kislov,1.25,52,"agriculture, refinery",Russia
1161,Leeoo-Jin,1.25,42,Samsung,South Korea
1161,Ni Zhaoxing,1.25,57,real estate,China
1161,Patrick Ryan,1.25,76,insurance,United States
1161,Sun Weijie,1.25,49,manufacturing,China
1161,Graham Weston,1.25,49,web hosting,United States
1175,William Ackman,1.2,47,hedge funds,United States
1175,"Kenneth Adams, Jr.",1.2,90,oil,United States
1175,Bassam Alghanim,1.2,61,diversified,Kuwait
1175,Kutayba Alghanim,1.2,67,diversified,Kuwait
1175,Igor Altushkin,1.2,42,metals,Russia
1175,Roberto Angelini Rossi,1.2,64,"forestry, mining",Chile
1175,Edmund Ansin,1.2,77,television,United States
1175,Kikiarki,1.2,73,coal,Indonesia
1175,Tomenson,1.2,85,New Orleans Saints,United States
1175,Jimreyer,1.2,51,venture capital,United States
1175,Antonio Jose Carneiro,1.2,70,electricity distribution,Brazil
1175,Leon Charney,1.2,71,real estate,United States
1175,Richard Chilton Jr,1.2,54,hedge funds,United States
1175,Chung Yong-Jin,1.2,44,Shinsegae,South Korea
1175,Christopher Cline,1.2,55,coal,United States
1175,Maria Ines de Lafuente Lacroze,1.2,68,inheritance,Argentina
1175,Maria Del Pino y Calvo-Sotelo,1.2,57,construction,Spain
1175,Robert Duggan,1.2,69,pharmaceuticals,United States
1175,Philip Falcone,1.2,50,hedge funds,United States
1175,Mikhail Fedyaev,1.2,51,"coal, railway transport, machinery",Russia
1175,Feng Hailiang,1.2,52,copper processing & real estate,China
1175,Soichiro Fukutake,1.2,67,education,Japan
1175,Mario Gabelli,1.2,71,money management,United States
1175,Anne Gittinger,1.2,77,retail,United States
1175,Andrew Gotianun & family,1.2,85,real estate,Philippines
1175,Konstantin Grigorishin,1.2,47,power engineering,Russia
1175,Mubariz Gurbanoglu,1.2,45,shipping,Turkey
1175,Yuri Gushchin,1.2,68,"candy, real estate",Russia
1175,Yusuf Hamied,1.2,76,pharmceuticals,India
1175,Mehmet Hattat,1.2,67,diversified,Turkey
1175,Huaangsong,1.2,NA,construction,China
1175,Huang Hongyun & family,1.2,46,real estate,China
1175,Jiang Zhaobai,1.2,49,real estate,China
1175,Ronald Joyce,1.2,82,restaurants,Canada
1175,Baba Kalyani,1.2,64,engineering,India
1175,Sidney Kimmel,1.2,85,retail,United States
1175,Mustafa Vehbi Koc,1.2,52,diversified,Turkey
1175,Pyotr Kondrashev,1.2,63,fertilizers,Russia
1175,Andrei Kozitsyn,1.2,52,metals,Russia
1175,Solomon Lew,1.2,68,retail,Australia
1175,Peter Lewis,1.2,79,insurance,United States
1175,Liu Zaiwang & family,1.2,41,decoration,China
1175,Anatoly Lomakin,1.2,60,fertilizers,Russia
1175,Nikolai Maximov & family,1.2,55,investments,Russia
1175,C. Dean Metropoulos,1.2,67,investments,United States
1175,Mofatraj Munot,1.2,68,real estate,India
1175,Bruce Nordstrom,1.2,79,retail,United States
1175,Sjamsul Nursalim,1.2,72,tires,Indonesia
1175,Roberto Ongpin,1.2,76,diversified,Philippines
1175,Nihat Ozdemir,1.2,63,diversified,Turkey
1175,Ahsen Ozokur,1.2,62,food manufacturing,Turkey
1175,Nelson Peltz,1.2,70,investments,United States
1175,Roger Penske,1.2,76,cars,United States
1175,Jorge Perez,1.2,64,condos,United States
1175,T.oone Pickens,1.2,85,"oil & gas, investments",United States
1175,Kevin Plank,1.2,40,Under Armour,United States
1175,Alexander Rovt,1.2,60,"fertilizer, real estate",United States
1175,Cigdem Sabanciilen,1.2,44,diversified,Turkey
1175,Lily Safra,1.2,75,inheritance,Monaco
1175,Thomas Sandell,1.2,52,hedge funds,Sweden
1175,"Bernard Saul, II.",1.2,81,"banking, real estate",United States
1175,Seo Jung-Jin,1.2,55,biotech,South Korea
1175,Bacaksiz Sezai,1.2,63,diversified,Turkey
1175,Allan Slaight,1.2,80,broadcasting,Canada
1175,Petter Stordalen,1.2,50,hotels,Norway
1175,Frank Stronach,1.2,80,auto parts,Canada
1175,Sun Hongbin,1.2,50,real estate,United States
1175,Henry Swieca,1.2,56,hedge funds,United States
1175,Serhiy Tihipko,1.2,53,"banking, agriculture",Ukraine
1175,Kenny Troutt,1.2,65,telecommunications,United States
1175,Tu Jianhua,1.2,50,"motorcycle, real estate",China
1175,Todd Wagner,1.2,52,online media,United States
1175,Langley Walker,1.2,67,real estate,Australia
1175,Wang Wei,1.2,NA,delivery service,China
1175,Gavril Yushvaev,1.2,55,"food industry, real estate",Russia
1250,Alainouchard,1.15,63,Couche Tard,Canada
1250,Cho Tak Wong & family,1.15,67,auto parts,Hong Kong
1250,Ana Lucia de Mattosarretto Villela,1.15,39,banking,Brazil
1250,Alfredo Egydio Arruda Villela Filho,1.15,43,banking,Brazil
1250,Gabriel Escarrer,1.15,78,hotels,Spain
1250,George Joseph,1.15,91,insurance,United States
1250,Lam Kong,1.15,48,pharmaceuticals,China
1250,Jeffrey Lorberbaum,1.15,58,Mohawk Industries,United States
1250,Rosa Evangelina Marcondes Penido Dalla Vecchia,1.15,63,toll roads,Brazil
1250,Arturo Moreno,1.15,66,billboards,United States
1250,Qi Jinxing,1.15,51,real estate,China
1250,Albert Shigaboutdinov,1.15,58,"refinery, chemicals",Russia
1250,Leonid Simanovsky,1.15,63,investments,Russia
1250,Peter Sperling,1.15,53,education,United States
1250,Rustem Sulteev,1.15,59,"refinery, chemicals",Russia
1250,Garibaldi Thohir,1.15,48,coal,Indonesia
1250,Arkady Volozh,1.15,49,Internet,Russia
1250,Wong Kwong Yu & family,1.15,44,retail,China
1268,Marcel Adams,1.1,92,real estate,Canada
1268,Len Ainsworth,1.1,89,gaming,Australia
1268,Neziharut,1.1,60,pharmaceutical,Turkey
1268,Elenaaturina,1.1,50,construction,Russia
1268,Carlerg,1.1,75,real estate,United States
1268,Cheung Yan,1.1,56,paper,China
1268,James Clark,1.1,69,Netscape,United States
1268,Jack Dorsey,1.1,36,technology startups,United States
1268,John Edson,1.1,81,leisure craft,United States
1268,Paul Foster,1.1,55,Western Refining,United States
1268,Fu Guangming & family,1.1,59,poultry,China
1268,Suat Gunsel,1.1,60,"real estate, education",Cyprus
1268,"Daniel Harrison, III.",1.1,65,oil and gas,United States
1268,Huang Zhenda & family,1.1,65,construction,China
1268,Huo Qinghua,1.1,51,coal,China
1268,Mohammed Ibrahim,1.1,67,communications,United Kingdom
1268,Daisy Igel,1.1,85,"gas, petrochemicals",Brazil
1268,Robert Ingham,1.1,81,agriculture,Australia
1268,Mitchell Jacobson,1.1,62,MSC Direct Industrial,United States
1268,Bent Jensen,1.1,61,Linak,Denmark
1268,Ryoichi Jinnai,1.1,86,"finance, agriculture",Japan
1268,Ke Xiping & family,1.1,52,investments,China
1268,Kim Jun-Ki,1.1,NA,conglomerate,South Korea
1268,Mehmet Omer Koc,1.1,51,diversified,Turkey
1268,Dmitry Korzhev,1.1,49,retail,Russia
1268,Yuri Kovalchuk,1.1,61,"banking, insurance, media",Russia
1268,Michael Krasny,1.1,59,retail,United States
1268,Lee Man Tat,1.1,84,oyster sauce,Hong Kong
1268,Eric Lefkofsky,1.1,43,Groupon,United States
1268,James Leininger,1.1,68,medical devices,United States
1268,Li Li & family,1.1,49,pharmaceuticals,China
1268,Lim Hariyanto Wijaya Sarwono,1.1,84,Palm Oil,Indonesia
1268,Liu Ming Chung,1.1,50,paper manufacturing,Brazil
1268,Alexander Lutsenko & family,1.1,51,agrobusiness,Russia
1268,William Macaulay,1.1,67,energy investments,United States
1268,Edir Macedo,1.1,68,broadcasting,Brazil
1268,Yuri Milner,1.1,51,social networking,Russia
1268,Manuel Moroun & family,1.1,85,transportation,United States
1268,Charles Munger,1.1,89,Berkshire Hathaway,United States
1268,Gabe Newell,1.1,50,videogames,United States
1268,Ioan Niculae,1.1,58,agriculture,Romania
1268,Guilherme Paulus,1.1,63,tourism,Brazil
1268,"Nicholas Pritzker, II.",1.1,69,"hotels, investments",United States
1268,Que Wenbin & family,1.1,49,pharmaceuticals,China
1268,G. M. Rao,1.1,62,infrastructure,India
1268,James Ratcliffe,1.1,60,chemicals,United Kingdom
1268,Alberto Roemmers,1.1,55,pharmaceuticals,Argentina
1268,David Sainsbury,1.1,72,retail,United Kingdom
1268,Vladimir Scherbakov,1.1,63,autos,Russia
1268,Airat Shaimiev,1.1,51,"refinery, chemicals",Russia
1268,Radik Shaimiev,1.1,48,"refinery, chemical",Russia
1268,Shengaijiao,1.1,61,retail-apparel/shoe,China
1268,Edward Stack,1.1,58,Dick's Sporting Goods,United States
1268,Woods Staton,1.1,63,McDonald's restaurants,Colombia
1268,Dorothea Steinbruch,1.1,NA,steel,Brazil
1268,Benny Subianto,1.1,71,coal,Indonesia
1268,Tang Xiuguo,1.1,49,manufacturing,China
1268,Wichai Thongthan,1.1,66,real estate,Thailand
1268,Dmitry Troitsky,1.1,48,retail,Russia
1268,Hamdi Ulukaya,1.1,41,Chobani,Turkey
1268,Ye Cheng,1.1,51,"real estate, diversified",China
1268,Ye Yuanxi & family,1.1,50,decorations,China
1268,Denise York,1.1,62,real estate,United States
1268,Zhang Guiping & family,1.1,61,real estate,China
1332,Mori Arkin,1.05,60,pharmaceuticals,Israel
1332,Zadikino,1.05,69,"banking, oil",Israel
1332,Cui Zhixiang,1.05,50,copper processing,China
1332,Stelios Haji-Ioannou,1.05,46,EasyJet,Cyprus
1332,Seth Klarman,1.05,56,investments,United States
1332,Liuaolin,1.05,59,drug distribution,China
1332,Monika Schoeller,1.05,74,publishing,Germany
1332,Stefan von Holtzbrinck,1.05,50,publishing,Germany
1332,Wang Jinshu,1.05,56,chemical production,China
1332,Wang Junmin,1.05,44,pharmaceuticals,China
1342,Soegiarto Adikoesoemo,1,75,chemicals,Indonesia
1342,Joy Alukkas,1,56,Jewelry,India
1342,Patricia Angelini Rossi,1,59,"forestry, mining",Chile
1342,Jose Maria Aristrain,1,50,steel,Spain
1342,Michael Ashcroft,1,67,security,United Kingdom
1342,Thomasailey,1,76,finance,United States
1342,Enriqueanuelos,1,47,real estate,Spain
1342,Carol Jenkinsarnett,1,56,Publix supermarkets,United States
1342,Thomasarrack,1,66,real estate investments,United States
1342,Saralakely,1,42,Spanx,United States
1342,Charlesrandes,1,70,money management,United States
1342,Christopherurch,1,60,Toryurch LLC,United States
1342,Toryurch,1,46,Fashion,United States
1342,Cao Kejian,1,51,manufacturing,China
1342,Christopher Chandler,1,53,investments,New Zealand
1342,Binod Chaudhary & family,1,58,diversified,Nepal
1342,Chen Jinshi & family,1,50,construction & real estate,China
1342,Chen Lip Keong,1,65,gaming,Malaysia
1342,Chen Miaolin,1,61,hotels,China
1342,Pollyanna Chu,1,55,financial services,Hong Kong
1342,Alberto Cortina,1,67,investments,Spain
1342,Claude Dauphin,1,62,Trafigura,France
1342,Darwin Deason,1,73,Xerox,United States
1342,Gary Fegel,1,39,Glencore International,Switzerland
1342,David William Grainger,1,85,electrical and industrial equipment,United States
1342,Vladimir Gruzdev,1,46,investments,Russia
1342,Donald Hall,1,84,Hallmark,United States
1342,Santosa Handojo,1,49,poultry,Indonesia
1342,Gerald Harvey,1,73,retail,Australia
1342,Asok Kumar Hiranandani,1,58,real estate,Singapore
1342,Huangingwen & family,1,59,printing,Australia
1342,Huang Maoru & family,1,47,retail,Belize
1342,Morris Kahn,1,83,software,Israel
1342,T.S. Kalyanaraman,1,66,Jewelry,India
1342,Dmitry Kamenshchik,1,45,airport,Russia
1342,Ryan Kavanaugh,1,38,Movies,United States
1342,Saban Cemil Kazanci,1,52,energy,Turkey
1342,Nasser Khalili,1,67,"art, real estate",United Kingdom
1342,Viktor Kharitonin,1,40,pharmaceuticals,Russia
1342,Yildirim Ali Koc,1,46,diversified,Turkey
1342,Karel Komarek,1,44,oil and gas,Czech Republic
1342,Kong Jian Min,1,45,real estate,China
1342,Kooon-Sik,1,54,LG,South Korea
1342,Esther Koplowitz,1,59,construction,Spain
1342,Lee Joong-Keun,1,72,Booyoung,South Korea
1342,Lee Seo-Hyun,1,39,Samsung,South Korea
1342,Li Zhenjiang,1,56,pharmaceuticals,China
1342,Liang Xinjun,1,45,diversified,China
1342,Liu Xuejing & family,1,62,"copper, poultry",China
1342,Monique Louis-Dreyfus,1,73,commodities,France
1342,Mao Zhongwu,1,50,manufacturing,China
1342,Marie-Jeanne Meyer,1,71,commodities,France
1342,Nirav Modi,1,42,Diamond jewelry,India
1342,Marcos Antonio Molina dos Santos,1,43,food processing,Brazil
1342,"William Moncrief, Jr.",1,93,oil,United States
1342,John Morgridge,1,79,Cisco,United States
1342,Yoshiko Mori,1,72,"inherited, Moriuilding",Japan
1342,Marius Nacht,1,47,software,Israel
1342,Akio Nitori,1,69,retail,Japan
1342,Park Hyeon-Joo,1,54,Mirae,South Korea
1342,Stephen Saad,1,48,pharmaceuticals,South Africa
1342,Dilek Sabanci,1,48,Haci Omer sabanci Holding,Turkey
1342,Sevil Sabanci Sabanci,1,40,haci Omer sabanci Holding,Turkey
1342,Dan Snyder,1,48,Washington Redskins,United States
1342,Alexander Spanos & family,1,89,real estate,United States
1342,Harjo Sutanto,1,87,consumer products,Indonesia
1342,Alain Taravella,1,65,real estate,France
1342,Alexander Tedja,1,67,real estate,Indonesia
1342,Jim Thompson,1,73,transport,United States
1342,Sergei Tsikalyuk,1,54,insurance,Russia
1342,Max Turnauer,1,77,manufacturing,Austria
1342,John Van Lieshout,1,67,real estate,Australia
1342,Murat Vargi,1,65,telecom,Turkey
1342,Andrey Verevskiy,1,38,agriculture,Ukraine
1342,Jitendra Virwani,1,47,real estate,India
1342,Wang Jianyi,1,50,fiber optic cables,China
1342,Wang Yiting,1,62,coal mining,China
1342,Wen Jianping,1,51,sewage treatment,China
1342,Wu Chung-Yi,1,54,manufacturing,Taiwan
1342,Xiang Wenbo,1,50,manufacturing,China
1342,Takao Yasuda,1,64,retail,Japan
1342,Larry Yung,1,71,diversified,China
1342,Zan Shengda,1,50,diversified,China
1342,Charles Zegar,1,65,Bloomberg LP,United States
1342,Zhang Keqiang,1,53,real estate,China
